Month,Region,Channel,ProductCategory,UnitsSold,AvgUnitPrice,Revenue,COGS,MarketingSpend,NewCustomers,RepeatCustomers,ReturnedUnits,GrossProfit,GrossMarginPct
2025-09,North America,Online Store,Hiking Footwear,285,125.57,35786.84,18889.21,2593.88,77,45,18,16897.63,47.22
2025-09,North America,Online Store,Apparel,196,66.31,12997.64,7045.36,801.26,77,53,6,5952.28,45.8
2025-09,North America,Online Store,Camping Gear,271,144.13,39058.49,20240.83,3693.2,79,65,7,18817.66,48.18
2025-09,North America,Online Store,Accessories,220,33.55,7379.90,3672.44,712.05,80,39,10,3707.46,50.24
2025-09,North America,Retail Partner,Hiking Footwear,179,122.58,21942.01,10360.32,1430.71,70,52,10,11581.69,52.78
2025-09,North America,Retail Partner,Apparel,175,62.46,10930.50,5057.51,1254.15,55,29,7,5872.99,53.73
2025-09,North America,Retail Partner,Camping Gear,314,144.35,45326.32,23461.30,4702.01,87,92,18,21865.02,48.24
2025-09,North America,Retail Partner,Accessories,141,38.08,5368.79,3040.49,578.93,54,23,4,2328.3,43.37
2025-09,North America,Marketplace,Hiking Footwear,162,117.33,19007.18,9223.72,2400.59,49,31,7,9783.46,51.47
2025-09,North America,Marketplace,Apparel,125,60.33,7541.50,4180.14,497.47,49,33,3,3361.36,44.57
2025-09,North America,Marketplace,Camping Gear,262,158.14,41432.18,19043.30,3674.09,70,73,13,22388.88,54.04
2025-09,North America,Marketplace,Accessories,209,33.82,7067.60,3238.82,599.89,62,54,10,3828.78,54.17
2025-09,Europe,Online Store,Hiking Footwear,194,110.87,21508.83,11673.31,2599.62,64,51,8,9835.52,45.73
2025-09,Europe,Online Store,Apparel,203,65.30,13254.99,6701.46,822.25,54,31,10,6553.53,49.44
2025-09,Europe,Online Store,Camping Gear,248,162.23,40232.29,19408.38,3734.79,90,45,5,20823.91,51.76
2025-09,Europe,Online Store,Accessories,93,33.53,3118.13,1468.51,419,34,22,5,1649.62,52.9
2025-09,Europe,Retail Partner,Hiking Footwear,141,129.42,18248.42,9491.27,2273.67,54,27,3,8757.15,47.99
2025-09,Europe,Retail Partner,Apparel,152,61.46,9342.40,4722.81,1171.92,57,22,6,4619.59,49.45
2025-09,Europe,Retail Partner,Camping Gear,126,138.60,17463.09,8624.85,2365.07,37,28,6,8838.24,50.61
2025-09,Europe,Retail Partner,Accessories,146,34.05,4970.63,2864.73,680.96,42,32,5,2105.9,42.37
2025-09,Europe,Marketplace,Hiking Footwear,134,109.24,14637.56,7117.13,1941.84,38,23,5,7520.43,51.38
2025-09,Europe,Marketplace,Apparel,177,71.31,12622.48,6077.31,1436.07,64,32,9,6545.17,51.85
2025-09,Europe,Marketplace,Camping Gear,222,154.01,34189.31,17766.50,2298.31,83,43,6,16422.81,48.03
2025-09,Europe,Marketplace,Accessories,82,31.79,2606.40,1373.09,297.66,20,18,2,1233.31,47.32
2025-09,Asia Pacific,Online Store,Hiking Footwear,116,124.58,14451.57,7229.77,1950.07,31,23,2,7221.8,49.97
2025-09,Asia Pacific,Online Store,Apparel,147,70.52,10366.59,5847.32,835.91,51,40,7,4519.27,43.59
2025-09,Asia Pacific,Online Store,Camping Gear,113,137.79,15570.62,8822.91,2055.84,38,22,4,6747.71,43.34
2025-09,Asia Pacific,Online Store,Accessories,169,36.58,6182.31,3503.05,809.68,62,41,4,2679.26,43.34
2025-09,Asia Pacific,Retail Partner,Hiking Footwear,145,108.12,15677.61,7382.67,1628.88,51,35,4,8294.94,52.91
2025-09,Asia Pacific,Retail Partner,Apparel,88,67.76,5962.73,2867.13,512.99,31,21,5,3095.6,51.92
2025-09,Asia Pacific,Retail Partner,Camping Gear,202,137.81,27837.67,13857.68,2260.87,57,59,8,13979.99,50.22
2025-09,Asia Pacific,Retail Partner,Accessories,203,37.74,7662.10,4076.61,946.92,66,48,9,3585.49,46.8
2025-09,Asia Pacific,Marketplace,Hiking Footwear,126,114.74,14457.06,6551.38,1613.95,34,36,8,7905.68,54.68
2025-09,Asia Pacific,Marketplace,Apparel,67,70.39,4716.35,2349.31,288.81,26,14,4,2367.04,50.19
2025-09,Asia Pacific,Marketplace,Camping Gear,102,160.53,16374.48,8043.14,1204.5,34,29,5,8331.34,50.88
2025-09,Asia Pacific,Marketplace,Accessories,64,35.49,2271.39,1050.82,248.04,25,10,2,1220.57,53.74
2025-09,Latin America,Online Store,Hiking Footwear,118,124.73,14717.95,7967.16,1306.35,34,32,7,6750.79,45.87
2025-09,Latin America,Online Store,Apparel,100,69.77,6977.19,3968.08,704.05,32,26,5,3009.11,43.13
2025-09,Latin America,Online Store,Camping Gear,166,161.70,26842.23,13258.43,2417.05,43,39,3,13583.8,50.61
2025-09,Latin America,Online Store,Accessories,126,34.76,4379.66,2279.80,363.18,42,19,2,2099.86,47.95
2025-09,Latin America,Retail Partner,Hiking Footwear,78,111.05,8661.86,4485.90,1053.28,22,18,1,4175.96,48.21
2025-09,Latin America,Retail Partner,Apparel,94,59.17,5562.16,2887.18,574.3,32,24,6,2674.98,48.09
2025-09,Latin America,Retail Partner,Camping Gear,50,158.86,7942.78,3853.90,755.5,13,7,3,4088.88,51.48
2025-09,Latin America,Retail Partner,Accessories,94,37.35,3511.07,1897.65,325.53,25,16,3,1613.42,45.95
2025-09,Latin America,Marketplace,Hiking Footwear,105,123.84,13003.70,6324.89,1773.56,37,24,5,6678.81,51.36
2025-09,Latin America,Marketplace,Apparel,64,63.95,4093.11,1973.72,362.15,23,9,1,2119.39,51.78
2025-09,Latin America,Marketplace,Camping Gear,98,149.23,14624.07,6766.83,1452.6,31,17,4,7857.24,53.73
2025-09,Latin America,Marketplace,Accessories,86,34.29,2948.90,1563.10,326.76,22,17,4,1385.8,46.99
2025-10,North America,Online Store,Hiking Footwear,371,123.81,45933.01,21642.78,3015.3,128,57,18,24290.23,52.88
2025-10,North America,Online Store,Apparel,190,70.72,13437.37,7052.09,1223.52,65,41,8,6385.28,47.52
2025-10,North America,Online Store,Camping Gear,276,163.84,45218.66,25670.43,3421.39,71,45,5,19548.23,43.23
2025-10,North America,Online Store,Accessories,327,32.16,10516.68,5666.29,690.89,97,90,6,4850.39,46.12
2025-10,North America,Retail Partner,Hiking Footwear,199,110.84,22056.36,11923.14,2433.16,75,51,11,10133.22,45.94
2025-10,North America,Retail Partner,Apparel,194,62.17,12060.29,5705.33,1447.83,71,57,7,6354.96,52.69
2025-10,North America,Retail Partner,Camping Gear,322,145.22,46762.16,26701.12,6017.03,101,84,18,20061.04,42.9
2025-10,North America,Retail Partner,Accessories,198,32.22,6379.93,3619.54,640.67,74,39,12,2760.39,43.27
2025-10,North America,Marketplace,Hiking Footwear,205,130.81,26816.99,14066.77,2964.54,65,39,7,12750.22,47.55
2025-10,North America,Marketplace,Apparel,122,67.24,8203.61,4494.01,1011.72,44,19,5,3709.6,45.22
2025-10,North America,Marketplace,Camping Gear,196,148.25,29056.20,16428.42,2559.07,52,33,11,12627.78,43.46
2025-10,North America,Marketplace,Accessories,154,35.83,5517.44,2555.38,368.17,54,24,9,2962.06,53.69
2025-10,Europe,Online Store,Hiking Footwear,194,110.04,21347.00,12344.18,1919.98,59,52,13,9002.82,42.17
2025-10,Europe,Online Store,Apparel,158,71.32,11268.25,6174.32,1015.28,41,42,7,5093.93,45.21
2025-10,Europe,Online Store,Camping Gear,278,138.34,38457.39,19768.69,2342.37,89,44,7,18688.7,48.6
2025-10,Europe,Online Store,Accessories,213,32.32,6884.73,3679.18,823.99,71,62,8,3205.55,46.56
2025-10,Europe,Retail Partner,Hiking Footwear,219,113.37,24827.22,14281.09,1513.77,86,34,14,10546.13,42.48
2025-10,Europe,Retail Partner,Apparel,111,65.36,7254.97,4201.25,478.13,36,32,5,3053.72,42.09
2025-10,Europe,Retail Partner,Camping Gear,261,148.64,38794.06,20622.25,4141.08,100,40,8,18171.81,46.84
2025-10,Europe,Retail Partner,Accessories,233,38.15,8889.62,5029.16,857.43,79,44,6,3860.46,43.43
2025-10,Europe,Marketplace,Hiking Footwear,64,122.01,7808.50,3592.73,1077.19,25,16,2,4215.77,53.99
2025-10,Europe,Marketplace,Apparel,85,62.52,5314.53,2953.78,609.99,23,24,5,2360.75,44.42
2025-10,Europe,Marketplace,Camping Gear,97,162.98,15809.24,8894.09,1005.74,24,20,5,6915.15,43.74
2025-10,Europe,Marketplace,Accessories,221,38.41,8488.82,3985.96,912.81,67,65,13,4502.86,53.04
2025-10,Asia Pacific,Online Store,Hiking Footwear,176,117.96,20760.20,10079.97,1339.24,66,47,12,10680.23,51.45
2025-10,Asia Pacific,Online Store,Apparel,162,71.46,11575.92,6045.02,1406.69,63,44,5,5530.9,47.78
2025-10,Asia Pacific,Online Store,Camping Gear,132,163.62,21598.04,11421.10,1690.94,46,32,5,10176.94,47.12
2025-10,Asia Pacific,Online Store,Accessories,175,32.29,5651.61,3036.64,574.34,64,39,10,2614.97,46.27
2025-10,Asia Pacific,Retail Partner,Hiking Footwear,235,129.04,30324.33,15236.54,2144.57,59,61,11,15087.79,49.75
2025-10,Asia Pacific,Retail Partner,Apparel,149,67.65,10080.30,4815.21,714.79,37,30,7,5265.09,52.23
2025-10,Asia Pacific,Retail Partner,Camping Gear,105,162.12,17023.10,8431.09,1721.36,38,21,5,8592.01,50.47
2025-10,Asia Pacific,Retail Partner,Accessories,69,37.54,2590.02,1485.22,185.88,26,15,2,1104.8,42.66
2025-10,Asia Pacific,Marketplace,Hiking Footwear,133,119.82,15936.44,7852.48,1763.72,38,21,3,8083.96,50.73
2025-10,Asia Pacific,Marketplace,Apparel,80,60.16,4813.17,2260.97,342.25,27,14,2,2552.2,53.03
2025-10,Asia Pacific,Marketplace,Camping Gear,121,155.03,18758.23,8861.42,1414.05,30,21,4,9896.81,52.76
2025-10,Asia Pacific,Marketplace,Accessories,152,32.74,4976.34,2296.74,346.61,48,27,5,2679.6,53.85
2025-10,Latin America,Online Store,Hiking Footwear,185,108.94,20154.55,11164.08,2221.68,48,51,12,8990.47,44.61
2025-10,Latin America,Online Store,Apparel,82,59.29,4862.11,2362.96,605.31,29,14,2,2499.15,51.4
2025-10,Latin America,Online Store,Camping Gear,114,153.55,17504.43,8716.48,1697.98,41,17,3,8787.95,50.2
2025-10,Latin America,Online Store,Accessories,46,36.49,1678.70,950.78,169.44,15,7,1,727.92,43.36
2025-10,Latin America,Retail Partner,Hiking Footwear,57,114.46,6524.32,3255.94,401.94,17,10,2,3268.38,50.1
2025-10,Latin America,Retail Partner,Apparel,71,60.06,4264.04,2412.46,458.33,24,19,3,1851.58,43.42
2025-10,Latin America,Retail Partner,Camping Gear,105,152.61,16023.55,8763.39,1514.75,28,20,4,7260.16,45.31
2025-10,Latin America,Retail Partner,Accessories,77,36.02,2773.65,1453.95,245.43,30,18,2,1319.7,47.58
2025-10,Latin America,Marketplace,Hiking Footwear,66,112.48,7423.52,3615.72,548.37,25,10,3,3807.8,51.29
2025-10,Latin America,Marketplace,Apparel,47,63.84,3000.25,1733.27,206.91,14,13,2,1266.98,42.23
2025-10,Latin America,Marketplace,Camping Gear,69,140.13,9668.74,5191.37,1299,23,16,2,4477.37,46.31
2025-10,Latin America,Marketplace,Accessories,97,36.89,3577.99,1697.10,307.33,30,21,3,1880.89,52.57
2025-11,North America,Online Store,Hiking Footwear,327,114.93,37581.17,19751.20,2718.96,105,75,7,17829.97,47.44
2025-11,North America,Online Store,Apparel,146,62.88,9179.87,4291.35,597.33,58,28,8,4888.52,53.25
2025-11,North America,Online Store,Camping Gear,315,157.81,49709.15,26218.25,4857.88,98,63,20,23490.9,47.26
2025-11,North America,Online Store,Accessories,214,37.31,7985.27,4595.15,558.52,76,62,6,3390.12,42.45
2025-11,North America,Retail Partner,Hiking Footwear,261,121.79,31786.50,17782.57,2262.62,96,47,7,14003.93,44.06
2025-11,North America,Retail Partner,Apparel,153,60.64,9277.22,5157.16,1050.33,50,31,9,4120.06,44.41
2025-11,North America,Retail Partner,Camping Gear,283,148.17,41933.26,20924.81,4068.13,83,74,12,21008.45,50.1
2025-11,North America,Retail Partner,Accessories,227,33.13,7519.49,4263.13,682.1,75,64,11,3256.36,43.31
2025-11,North America,Marketplace,Hiking Footwear,123,111.34,13695.13,7576.46,1501.07,40,34,7,6118.67,44.68
2025-11,North America,Marketplace,Apparel,167,60.47,10098.79,4953.70,806.68,60,25,8,5145.09,50.95
2025-11,North America,Marketplace,Camping Gear,193,145.26,28035.65,15609.23,1930.27,72,32,7,12426.42,44.32
2025-11,North America,Marketplace,Accessories,222,37.08,8232.00,3864.84,644.9,79,57,11,4367.16,53.05
2025-11,Europe,Online Store,Hiking Footwear,267,114.04,30449.53,15070.70,2269.34,103,63,10,15378.83,50.51
2025-11,Europe,Online Store,Apparel,226,64.51,14578.37,8355.55,1053.55,76,51,11,6222.82,42.69
2025-11,Europe,Online Store,Camping Gear,208,155.90,32427.10,18481.01,3780.32,56,49,10,13946.09,43.01
2025-11,Europe,Online Store,Accessories,287,34.47,9892.58,5398.75,1333.02,111,62,7,4493.83,45.43
2025-11,Europe,Retail Partner,Hiking Footwear,203,122.19,24804.69,12448.74,1596.95,60,54,4,12355.95,49.81
2025-11,Europe,Retail Partner,Apparel,162,62.84,10179.35,5107.61,1048.39,62,32,6,5071.74,49.82
2025-11,Europe,Retail Partner,Camping Gear,153,141.74,21685.94,11034.18,1545.53,42,34,6,10651.76,49.12
2025-11,Europe,Retail Partner,Accessories,290,37.90,10992.14,5464.32,1170.08,100,44,15,5527.82,50.29
2025-11,Europe,Marketplace,Hiking Footwear,149,110.05,16397.21,9503.72,1642.6,50,23,8,6893.49,42.04
2025-11,Europe,Marketplace,Apparel,71,61.23,4347.24,2463.79,332.18,19,11,3,1883.45,43.33
2025-11,Europe,Marketplace,Camping Gear,109,158.27,17250.98,8779.50,1758.76,34,22,5,8471.48,49.11
2025-11,Europe,Marketplace,Accessories,165,32.59,5376.80,2546.72,693.3,64,33,5,2830.08,52.64
2025-11,Asia Pacific,Online Store,Hiking Footwear,138,108.61,14988.08,7048.89,1757.77,48,21,4,7939.19,52.97
2025-11,Asia Pacific,Online Store,Apparel,181,61.50,11132.22,5981.85,685.49,48,48,5,5150.37,46.27
2025-11,Asia Pacific,Online Store,Camping Gear,111,137.98,15316.14,7376.44,1803.96,41,30,4,7939.7,51.84
2025-11,Asia Pacific,Online Store,Accessories,234,36.18,8465.32,4034.98,706.45,89,35,5,4430.34,52.34
2025-11,Asia Pacific,Retail Partner,Hiking Footwear,178,118.11,21024.33,11900.77,2636.36,53,33,6,9123.56,43.4
2025-11,Asia Pacific,Retail Partner,Apparel,68,66.17,4499.82,2181.73,494.67,21,15,2,2318.09,51.52
2025-11,Asia Pacific,Retail Partner,Camping Gear,145,157.91,22896.69,10720.57,2964.6,46,41,8,12176.12,53.18
2025-11,Asia Pacific,Retail Partner,Accessories,159,34.48,5481.76,2482.80,446.73,52,38,5,2998.96,54.71
2025-11,Asia Pacific,Marketplace,Hiking Footwear,137,131.63,18032.71,9347.07,1329.63,39,20,9,8685.64,48.17
2025-11,Asia Pacific,Marketplace,Apparel,78,60.03,4682.40,2458.01,383.6,25,19,4,2224.39,47.51
2025-11,Asia Pacific,Marketplace,Camping Gear,118,153.02,18055.83,9686.14,1336.67,45,25,4,8369.69,46.35
2025-11,Asia Pacific,Marketplace,Accessories,165,35.13,5796.85,2643.98,424.92,59,26,8,3152.87,54.39
2025-11,Latin America,Online Store,Hiking Footwear,109,114.93,12527.22,6216.48,1472.24,32,25,4,6310.74,50.38
2025-11,Latin America,Online Store,Apparel,51,67.13,3423.51,1957.52,406.05,14,7,1,1465.99,42.82
2025-11,Latin America,Online Store,Camping Gear,93,149.89,13939.86,7354.52,1209.14,34,15,2,6585.34,47.24
2025-11,Latin America,Online Store,Accessories,135,36.60,4940.64,2541.53,568.53,42,25,8,2399.11,48.56
2025-11,Latin America,Retail Partner,Hiking Footwear,127,114.53,14545.50,7661.55,1292.77,33,36,3,6883.95,47.33
2025-11,Latin America,Retail Partner,Apparel,86,70.85,6093.37,3095.31,455.85,28,24,4,2998.06,49.2
2025-11,Latin America,Retail Partner,Camping Gear,105,155.77,16355.67,9165.64,1308.02,33,19,7,7190.03,43.96
2025-11,Latin America,Retail Partner,Accessories,141,38.11,5373.29,2445.52,625.7,54,24,6,2927.77,54.49
2025-11,Latin America,Marketplace,Hiking Footwear,62,130.19,8071.50,4651.10,1094.02,19,17,3,3420.4,42.38
2025-11,Latin America,Marketplace,Apparel,70,62.65,4385.38,2445.99,276.11,23,12,1,1939.39,44.22
2025-11,Latin America,Marketplace,Camping Gear,78,145.20,11325.31,6163.46,738.73,23,18,4,5161.85,45.58
2025-11,Latin America,Marketplace,Accessories,76,33.73,2563.58,1362.20,335.52,26,14,1,1201.38,46.86
2025-12,North America,Online Store,Hiking Footwear,321,130.54,41902.58,23207.40,5859.44,97,85,12,18695.18,44.62
2025-12,North America,Online Store,Apparel,270,64.74,17479.36,9291.60,2270.47,107,71,11,8187.76,46.84
2025-12,North America,Online Store,Camping Gear,320,142.16,45492.26,21124.86,4020.14,93,62,10,24367.4,53.56
2025-12,North America,Online Store,Accessories,271,31.79,8616.35,3897.38,1197.83,85,56,14,4718.97,54.77
2025-12,North America,Retail Partner,Hiking Footwear,331,130.67,43252.95,22091.97,4717.73,91,98,10,21160.98,48.92
2025-12,North America,Retail Partner,Apparel,165,70.76,11674.66,6239.57,1268.09,53,30,4,5435.09,46.55
2025-12,North America,Retail Partner,Camping Gear,156,158.39,24708.46,12243.44,1596.84,61,44,10,12465.02,50.45
2025-12,North America,Retail Partner,Accessories,223,38.46,8577.55,4053.80,786.56,81,56,6,4523.75,52.74
2025-12,North America,Marketplace,Hiking Footwear,179,113.37,20293.52,10548.71,2180.24,60,29,11,9744.81,48.02
2025-12,North America,Marketplace,Apparel,164,61.95,10160.26,4743.18,1332.01,64,45,9,5417.08,53.32
2025-12,North America,Marketplace,Camping Gear,176,137.61,24219.29,12184.70,2175.26,50,45,7,12034.59,49.69
2025-12,North America,Marketplace,Accessories,322,32.07,10325.68,4942.12,1183.95,84,89,14,5383.56,52.14
2025-12,Europe,Online Store,Hiking Footwear,414,127.79,52906.03,26199.87,6044.05,138,78,26,26706.16,50.48
2025-12,Europe,Online Store,Apparel,142,68.87,9779.05,5237.65,1252.17,53,36,8,4541.4,46.44
2025-12,Europe,Online Store,Camping Gear,227,153.56,34857.74,19096.92,2533.75,86,63,4,15760.82,45.21
2025-12,Europe,Online Store,Accessories,324,37.28,12078.95,5637.89,1048.57,117,56,19,6441.06,53.32
2025-12,Europe,Retail Partner,Hiking Footwear,207,108.15,22387.73,10909.88,2448.19,82,50,6,11477.85,51.27
2025-12,Europe,Retail Partner,Apparel,185,66.74,12347.28,6423.03,1511.15,49,48,8,5924.25,47.98
2025-12,Europe,Retail Partner,Camping Gear,144,153.98,22172.93,12664.37,1512.21,56,36,3,9508.56,42.88
2025-12,Europe,Retail Partner,Accessories,221,33.61,7427.09,4025.95,485.64,74,44,11,3401.14,45.79
2025-12,Europe,Marketplace,Hiking Footwear,140,126.20,17667.76,8006.96,1091.34,41,31,8,9660.8,54.68
2025-12,Europe,Marketplace,Apparel,121,67.38,8153.32,4141.62,667.68,48,25,5,4011.7,49.2
2025-12,Europe,Marketplace,Camping Gear,132,155.81,20566.98,9845.41,1369.57,46,32,4,10721.57,52.13
2025-12,Europe,Marketplace,Accessories,142,38.16,5418.16,2544.57,512.49,55,30,7,2873.59,53.04
2025-12,Asia Pacific,Online Store,Hiking Footwear,120,131.62,15793.86,7947.68,2077.33,34,21,2,7846.18,49.68
2025-12,Asia Pacific,Online Store,Apparel,110,66.97,7366.88,3668.03,951.42,35,32,3,3698.85,50.21
2025-12,Asia Pacific,Online Store,Camping Gear,158,158.13,24984.17,13986.68,3020.13,54,26,3,10997.49,44.02
2025-12,Asia Pacific,Online Store,Accessories,227,37.95,8613.73,4566.69,1065.72,73,38,5,4047.04,46.98
2025-12,Asia Pacific,Retail Partner,Hiking Footwear,138,112.81,15568.14,8000.58,1014.06,46,26,8,7567.56,48.61
2025-12,Asia Pacific,Retail Partner,Apparel,167,62.53,10443.30,5317.51,636.31,43,34,7,5125.79,49.08
2025-12,Asia Pacific,Retail Partner,Camping Gear,69,155.85,10753.61,6041.55,1316.11,17,15,1,4712.06,43.82
2025-12,Asia Pacific,Retail Partner,Accessories,202,33.19,6705.25,3877.42,478.75,65,49,11,2827.83,42.17
2025-12,Asia Pacific,Marketplace,Hiking Footwear,127,115.84,14711.05,7610.06,986.07,38,19,3,7100.99,48.27
2025-12,Asia Pacific,Marketplace,Apparel,90,63.66,5729.40,2677.08,603.9,31,24,2,3052.32,53.27
2025-12,Asia Pacific,Marketplace,Camping Gear,132,135.95,17945.08,10259.34,1151.32,43,33,8,7685.74,42.83
2025-12,Asia Pacific,Marketplace,Accessories,168,36.50,6131.77,3398.38,534.42,62,27,10,2733.39,44.58
2025-12,Latin America,Online Store,Hiking Footwear,182,118.86,21631.73,11544.10,2208.86,65,29,4,10087.63,46.63
2025-12,Latin America,Online Store,Apparel,95,61.71,5862.67,2759.80,760.64,26,28,3,3102.87,52.93
2025-12,Latin America,Online Store,Camping Gear,110,154.76,17023.74,8763.23,1777.77,39,20,7,8260.51,48.52
2025-12,Latin America,Online Store,Accessories,114,38.32,4368.88,2335.35,331.87,40,18,2,2033.53,46.55
2025-12,Latin America,Retail Partner,Hiking Footwear,104,128.84,13399.21,7296.30,1600.09,32,20,4,6102.91,45.55
2025-12,Latin America,Retail Partner,Apparel,41,71.34,2924.92,1331.47,378.38,13,8,2,1593.45,54.48
2025-12,Latin America,Retail Partner,Camping Gear,103,162.02,16688.17,8424.58,1370.87,34,29,3,8263.59,49.52
2025-12,Latin America,Retail Partner,Accessories,111,35.86,3980.55,2118.06,472.29,29,28,7,1862.49,46.79
2025-12,Latin America,Marketplace,Hiking Footwear,76,131.31,9979.82,4725.71,1280.92,24,14,4,5254.11,52.65
2025-12,Latin America,Marketplace,Apparel,49,64.29,3150.16,1628.40,279.54,16,8,1,1521.76,48.31
2025-12,Latin America,Marketplace,Camping Gear,42,158.20,6644.58,3103.11,914.2,13,7,0,3541.47,53.3
2025-12,Latin America,Marketplace,Accessories,117,32.69,3824.53,1979.46,332.58,43,25,3,1845.07,48.24
2026-01,North America,Online Store,Hiking Footwear,429,112.01,48051.86,22670.41,3024.08,154,107,18,25381.45,52.82
2026-01,North America,Online Store,Apparel,294,69.47,20425.42,11330.74,2182.01,111,53,7,9094.68,44.53
2026-01,North America,Online Store,Camping Gear,196,150.94,29583.28,16914.50,1868.11,52,42,13,12668.78,42.82
2026-01,North America,Online Store,Accessories,303,33.71,10215.07,5270.37,646.88,82,90,20,4944.7,48.41
2026-01,North America,Retail Partner,Hiking Footwear,317,118.91,37695.66,19489.69,3735.93,110,54,6,18205.97,48.3
2026-01,North America,Retail Partner,Apparel,218,62.50,13625.67,7379.78,1037.57,76,64,5,6245.89,45.84
2026-01,North America,Retail Partner,Camping Gear,139,161.04,22385.15,10588.84,2583.47,52,40,7,11796.31,52.7
2026-01,North America,Retail Partner,Accessories,385,34.98,13467.39,7142.03,1744.19,129,59,25,6325.36,46.97
2026-01,North America,Marketplace,Hiking Footwear,264,113.18,29878.52,16004.58,2734.16,91,43,13,13873.94,46.43
2026-01,North America,Marketplace,Apparel,210,71.49,15013.40,6850.13,2074.46,65,58,12,8163.27,54.37
2026-01,North America,Marketplace,Camping Gear,191,161.36,30818.89,15487.67,2655.44,66,51,11,15331.22,49.75
2026-01,North America,Marketplace,Accessories,229,37.08,8492.40,4302.47,1065.17,61,53,4,4189.93,49.34
2026-01,Europe,Online Store,Hiking Footwear,170,117.51,19976.38,10795.45,1819.54,53,31,6,9180.93,45.96
2026-01,Europe,Online Store,Apparel,116,61.45,7128.72,3275.76,771.87,40,28,5,3852.96,54.05
2026-01,Europe,Online Store,Camping Gear,198,150.57,29813.35,15273.19,1849.96,59,40,7,14540.16,48.77
2026-01,Europe,Online Store,Accessories,220,35.56,7823.47,4063.26,849.88,80,59,12,3760.21,48.06
2026-01,Europe,Retail Partner,Hiking Footwear,241,113.84,27436.30,15652.81,1778.46,94,48,6,11783.49,42.95
2026-01,Europe,Retail Partner,Apparel,169,64.82,10953.96,5294.94,906.88,50,45,7,5659.02,51.66
2026-01,Europe,Retail Partner,Camping Gear,163,156.48,25506.98,12382.14,2374.29,43,28,8,13124.84,51.46
2026-01,Europe,Retail Partner,Accessories,116,32.77,3801.33,1970.12,443.71,30,27,3,1831.21,48.17
2026-01,Europe,Marketplace,Hiking Footwear,159,127.34,20247.67,10559.76,1285.18,54,46,7,9687.91,47.85
2026-01,Europe,Marketplace,Apparel,144,69.15,9957.52,5625.47,779.14,40,34,5,4332.05,43.51
2026-01,Europe,Marketplace,Camping Gear,70,158.42,11089.10,5386.25,1395.11,21,17,1,5702.85,51.43
2026-01,Europe,Marketplace,Accessories,130,35.87,4662.71,2372.06,498.58,35,33,8,2290.65,49.13
2026-01,Asia Pacific,Online Store,Hiking Footwear,187,108.57,20302.09,10830.28,2204.15,62,34,7,9471.81,46.65
2026-01,Asia Pacific,Online Store,Apparel,149,66.23,9868.00,5077.87,1371.88,40,37,5,4790.13,48.54
2026-01,Asia Pacific,Online Store,Camping Gear,186,155.77,28973.79,16771.86,2036.03,49,48,9,12201.93,42.11
2026-01,Asia Pacific,Online Store,Accessories,167,33.42,5580.99,2569.07,373.1,64,29,6,3011.92,53.97
2026-01,Asia Pacific,Retail Partner,Hiking Footwear,135,109.67,14804.93,7661.22,968.38,49,24,6,7143.71,48.25
2026-01,Asia Pacific,Retail Partner,Apparel,86,69.94,6014.93,3215.67,617.35,25,17,4,2799.26,46.54
2026-01,Asia Pacific,Retail Partner,Camping Gear,155,148.96,23088.21,10570.21,2423.89,61,27,8,12518,54.22
2026-01,Asia Pacific,Retail Partner,Accessories,182,32.91,5988.99,3112.22,405.66,57,47,6,2876.77,48.03
2026-01,Asia Pacific,Marketplace,Hiking Footwear,169,130.25,22012.63,10577.15,2023.96,46,50,11,11435.48,51.95
2026-01,Asia Pacific,Marketplace,Apparel,119,65.52,7796.81,4362.04,792.75,40,19,6,3434.77,44.05
2026-01,Asia Pacific,Marketplace,Camping Gear,89,158.46,14103.01,7645.76,886.98,26,16,3,6457.25,45.79
2026-01,Asia Pacific,Marketplace,Accessories,126,32.11,4046.30,2313.69,422.05,37,26,5,1732.61,42.82
2026-01,Latin America,Online Store,Hiking Footwear,144,130.07,18729.42,9638.26,2610.37,54,26,9,9091.16,48.54
2026-01,Latin America,Online Store,Apparel,171,60.01,10262.18,5708.53,928.21,65,47,10,4553.65,44.37
2026-01,Latin America,Online Store,Camping Gear,70,137.43,9619.93,4832.93,710.74,24,14,4,4787,49.76
2026-01,Latin America,Online Store,Accessories,166,35.99,5973.81,3326.95,421.76,62,47,7,2646.86,44.31
2026-01,Latin America,Retail Partner,Hiking Footwear,150,112.20,16829.42,8672.77,1546.51,40,30,3,8156.65,48.47
2026-01,Latin America,Retail Partner,Apparel,98,58.84,5765.88,2695.96,790.21,32,28,4,3069.92,53.24
2026-01,Latin America,Retail Partner,Camping Gear,72,148.19,10669.35,4947.77,1187.14,20,17,3,5721.58,53.63
2026-01,Latin America,Retail Partner,Accessories,51,32.56,1660.77,760.59,203.38,16,8,3,900.18,54.2
2026-01,Latin America,Marketplace,Hiking Footwear,91,131.61,11976.35,5761.74,854.87,24,17,2,6214.61,51.89
2026-01,Latin America,Marketplace,Apparel,62,67.50,4184.88,1917.08,421.64,24,16,3,2267.8,54.19
2026-01,Latin America,Marketplace,Camping Gear,71,150.81,10707.60,5411.52,754.42,27,15,2,5296.08,49.46
2026-01,Latin America,Marketplace,Accessories,52,34.07,1771.86,892.73,223.61,18,13,1,879.13,49.62
2026-02,North America,Online Store,Hiking Footwear,239,108.46,25922.09,12540.48,3131.99,64,55,7,13381.61,51.62
2026-02,North America,Online Store,Apparel,84,58.66,4927.24,2371.76,680.3,31,24,3,2555.48,51.86
2026-02,North America,Online Store,Camping Gear,195,148.63,28983.11,16223.77,1966.41,63,33,7,12759.34,44.02
2026-02,North America,Online Store,Accessories,209,36.66,7662.25,3922.17,690.15,64,45,12,3740.08,48.81
2026-02,North America,Retail Partner,Hiking Footwear,194,124.52,24155.96,12244.38,1941.5,72,30,12,11911.58,49.31
2026-02,North America,Retail Partner,Apparel,290,64.50,18704.77,9966.58,2108.93,111,71,14,8738.19,46.72
2026-02,North America,Retail Partner,Camping Gear,159,139.51,22181.31,12108.03,2239.82,55,24,3,10073.28,45.41
2026-02,North America,Retail Partner,Accessories,188,36.51,6864.68,3153.43,451.01,47,55,10,3711.25,54.06
2026-02,North America,Marketplace,Hiking Footwear,121,116.39,14083.54,7755.88,1590.17,33,21,3,6327.66,44.93
2026-02,North America,Marketplace,Apparel,134,67.08,8989.25,4938.41,729.96,33,21,9,4050.84,45.06
2026-02,North America,Marketplace,Camping Gear,159,153.74,24444.65,12213.82,1868.92,42,38,9,12230.83,50.03
2026-02,North America,Marketplace,Accessories,150,36.01,5401.10,2802.84,342.19,59,40,5,2598.26,48.11
2026-02,Europe,Online Store,Hiking Footwear,226,121.98,27567.06,15086.06,3444.27,78,38,8,12481,45.28
2026-02,Europe,Online Store,Apparel,229,70.57,16159.40,7743.58,1450.68,72,49,11,8415.82,52.08
2026-02,Europe,Online Store,Camping Gear,139,161.61,22463.48,11994.50,1861.61,51,38,8,10468.98,46.6
2026-02,Europe,Online Store,Accessories,206,37.93,7814.09,3772.57,940.84,65,56,11,4041.52,51.72
2026-02,Europe,Retail Partner,Hiking Footwear,218,112.26,24472.31,12746.49,3396.11,85,34,6,11725.82,47.91
2026-02,Europe,Retail Partner,Apparel,234,60.21,14089.72,7670.12,1767.17,65,52,14,6419.6,45.56
2026-02,Europe,Retail Partner,Camping Gear,134,152.71,20463.20,10560.79,1714.9,44,33,8,9902.41,48.39
2026-02,Europe,Retail Partner,Accessories,269,35.95,9671.64,5309.21,704.15,85,40,8,4362.43,45.11
2026-02,Europe,Marketplace,Hiking Footwear,140,127.20,17808.24,8486.07,1859.3,50,33,4,9322.17,52.35
2026-02,Europe,Marketplace,Apparel,110,63.12,6943.20,3831.90,724.44,27,29,2,3111.3,44.81
2026-02,Europe,Marketplace,Camping Gear,78,163.74,12771.89,6358.26,1100.36,21,15,4,6413.63,50.22
2026-02,Europe,Marketplace,Accessories,174,38.47,6694.54,3333.08,641.93,62,49,8,3361.46,50.21
2026-02,Asia Pacific,Online Store,Hiking Footwear,113,124.69,14090.52,6346.63,1543.86,34,30,2,7743.89,54.96
2026-02,Asia Pacific,Online Store,Apparel,92,66.15,6085.49,3118.97,677.84,23,21,4,2966.52,48.75
2026-02,Asia Pacific,Online Store,Camping Gear,188,155.29,29195.28,16193.12,2381.92,70,42,4,13002.16,44.54
2026-02,Asia Pacific,Online Store,Accessories,240,31.91,7658.37,3779.03,940.38,85,64,11,3879.34,50.65
2026-02,Asia Pacific,Retail Partner,Hiking Footwear,105,115.88,12167.05,6161.67,816.26,29,25,5,6005.38,49.36
2026-02,Asia Pacific,Retail Partner,Apparel,138,71.48,9864.04,5635.37,1098.91,43,33,8,4228.67,42.87
2026-02,Asia Pacific,Retail Partner,Camping Gear,95,160.19,15218.44,7607.67,1609.35,32,16,3,7610.77,50.01
2026-02,Asia Pacific,Retail Partner,Accessories,113,33.84,3824.10,1733.87,236.85,42,21,5,2090.23,54.66
2026-02,Asia Pacific,Marketplace,Hiking Footwear,131,114.22,14963.23,7569.23,1942.5,49,23,7,7394,49.41
2026-02,Asia Pacific,Marketplace,Apparel,112,64.46,7219.12,3701.86,510.24,29,29,5,3517.26,48.72
2026-02,Asia Pacific,Marketplace,Camping Gear,117,157.97,18481.95,8698.68,2011.17,31,30,6,9783.27,52.93
2026-02,Asia Pacific,Marketplace,Accessories,106,38.20,4048.81,1858.26,261.41,30,20,3,2190.55,54.1
2026-02,Latin America,Online Store,Hiking Footwear,114,114.53,13056.05,7164.14,1253.11,41,18,5,5891.91,45.13
2026-02,Latin America,Online Store,Apparel,128,58.94,7543.93,3456.21,999.68,34,29,5,4087.72,54.19
2026-02,Latin America,Online Store,Camping Gear,97,135.65,13158.51,7056.81,1803.66,32,28,2,6101.7,46.37
2026-02,Latin America,Online Store,Accessories,112,34.43,3856.33,1865.77,456.84,44,21,5,1990.56,51.62
2026-02,Latin America,Retail Partner,Hiking Footwear,109,119.13,12985.65,7484.42,1411.31,32,18,3,5501.23,42.36
2026-02,Latin America,Retail Partner,Apparel,62,61.43,3808.61,1838.13,487.69,20,14,1,1970.48,51.74
2026-02,Latin America,Retail Partner,Camping Gear,75,137.03,10277.25,5570.46,1063.52,19,16,3,4706.79,45.8
2026-02,Latin America,Retail Partner,Accessories,119,32.66,3886.59,2226.79,497.48,41,26,4,1659.8,42.71
2026-02,Latin America,Marketplace,Hiking Footwear,94,109.49,10292.49,5317.36,1281.54,29,14,5,4975.13,48.34
2026-02,Latin America,Marketplace,Apparel,120,61.12,7334.13,3546.94,536.69,35,31,5,3787.19,51.64
2026-02,Latin America,Marketplace,Camping Gear,58,161.39,9360.47,5271.58,740.45,18,17,3,4088.89,43.68
2026-02,Latin America,Marketplace,Accessories,75,31.69,2376.76,1089.69,230.82,28,17,3,1287.07,54.15
2026-03,North America,Online Store,Hiking Footwear,272,127.73,34742.69,17352.40,4240.31,107,49,12,17390.29,50.05
2026-03,North America,Online Store,Apparel,239,62.23,14873.64,8226.18,1579.69,82,64,9,6647.46,44.69
2026-03,North America,Online Store,Camping Gear,198,139.74,27668.25,14953.77,3415.95,58,55,12,12714.48,45.95
2026-03,North America,Online Store,Accessories,309,33.44,10332.44,5970.68,736.26,86,54,19,4361.76,42.21
2026-03,North America,Retail Partner,Hiking Footwear,156,118.57,18496.57,9802.97,1233.3,59,42,7,8693.6,47
2026-03,North America,Retail Partner,Apparel,277,71.07,19687.12,9928.39,2731.17,97,67,7,9758.73,49.57
2026-03,North America,Retail Partner,Camping Gear,154,139.87,21539.52,9728.09,2256.92,50,39,9,11811.43,54.84
2026-03,North America,Retail Partner,Accessories,265,32.06,8494.80,4630.47,637.05,100,72,12,3864.33,45.49
2026-03,North America,Marketplace,Hiking Footwear,122,119.31,14555.58,8104.73,1408.12,37,27,7,6450.85,44.32
2026-03,North America,Marketplace,Apparel,260,62.86,16343.00,7723.52,1911.5,97,42,8,8619.48,52.74
2026-03,North America,Marketplace,Camping Gear,116,148.51,17227.22,9429.27,1931.03,39,23,7,7797.95,45.27
2026-03,North America,Marketplace,Accessories,126,34.80,4384.68,2531.20,485.52,33,31,4,1853.48,42.27
2026-03,Europe,Online Store,Hiking Footwear,173,112.20,19410.11,10893.84,1517.37,64,33,9,8516.27,43.88
2026-03,Europe,Online Store,Apparel,248,67.52,16745.94,8651.71,1413.77,69,38,8,8094.23,48.34
2026-03,Europe,Online Store,Camping Gear,173,161.14,27876.55,15320.63,3430.93,60,32,11,12555.92,45.04
2026-03,Europe,Online Store,Accessories,207,36.20,7492.39,3917.45,516.07,65,45,13,3574.94,47.71
2026-03,Europe,Retail Partner,Hiking Footwear,69,131.44,9069.58,4211.86,850.76,17,18,4,4857.72,53.56
2026-03,Europe,Retail Partner,Apparel,240,62.14,14913.72,8375.31,1243.47,92,63,14,6538.41,43.84
2026-03,Europe,Retail Partner,Camping Gear,95,159.88,15188.77,7390.82,1971.81,25,24,4,7797.95,51.34
2026-03,Europe,Retail Partner,Accessories,212,32.18,6821.26,3284.07,416.04,67,41,10,3537.19,51.86
2026-03,Europe,Marketplace,Hiking Footwear,94,125.84,11828.64,5396.92,1564.12,35,23,4,6431.72,54.37
2026-03,Europe,Marketplace,Apparel,112,70.10,7851.19,3722.19,520.67,32,30,2,4129,52.59
2026-03,Europe,Marketplace,Camping Gear,103,136.91,14101.65,7869.83,1521.83,27,16,6,6231.82,44.19
2026-03,Europe,Marketplace,Accessories,172,36.18,6223.72,3471.64,811.06,57,39,7,2752.08,44.22
2026-03,Asia Pacific,Online Store,Hiking Footwear,133,126.57,16834.22,8892.68,2212.05,42,32,6,7941.54,47.17
2026-03,Asia Pacific,Online Store,Apparel,98,66.19,6486.82,3511.59,512.42,32,16,3,2975.23,45.87
2026-03,Asia Pacific,Online Store,Camping Gear,197,163.52,32212.64,17011.00,3849.01,64,48,4,15201.64,47.19
2026-03,Asia Pacific,Online Store,Accessories,154,33.28,5125.23,2547.45,501.24,39,26,5,2577.78,50.3
2026-03,Asia Pacific,Retail Partner,Hiking Footwear,84,122.66,10303.33,5012.45,788.82,27,12,1,5290.88,51.35
2026-03,Asia Pacific,Retail Partner,Apparel,156,61.35,9570.27,4352.31,656.92,46,42,7,5217.96,54.52
2026-03,Asia Pacific,Retail Partner,Camping Gear,52,162.95,8473.54,4250.43,567.45,17,8,1,4223.11,49.84
2026-03,Asia Pacific,Retail Partner,Accessories,139,35.05,4872.21,2746.22,484.71,49,41,3,2125.99,43.64
2026-03,Asia Pacific,Marketplace,Hiking Footwear,87,118.12,10276.78,5173.67,1362.79,31,20,3,5103.11,49.66
2026-03,Asia Pacific,Marketplace,Apparel,76,69.21,5259.90,3020.01,661.15,19,18,1,2239.89,42.58
2026-03,Asia Pacific,Marketplace,Camping Gear,119,138.43,16473.72,8235.20,1589.7,36,20,4,8238.52,50.01
2026-03,Asia Pacific,Marketplace,Accessories,133,36.76,4888.85,2245.11,324.69,40,38,7,2643.74,54.08
2026-03,Latin America,Online Store,Hiking Footwear,76,122.25,9290.84,4193.11,1030.24,29,18,4,5097.73,54.87
2026-03,Latin America,Online Store,Apparel,176,67.91,11952.45,5565.93,1580.07,45,40,4,6386.52,53.43
2026-03,Latin America,Online Store,Camping Gear,82,143.85,11795.80,6053.37,1252.43,21,13,3,5742.43,48.68
2026-03,Latin America,Online Store,Accessories,102,33.90,3458.02,1883.90,387.93,38,25,4,1574.12,45.52
2026-03,Latin America,Retail Partner,Hiking Footwear,61,115.35,7036.44,3888.11,673.48,22,16,3,3148.33,44.74
2026-03,Latin America,Retail Partner,Apparel,133,70.42,9365.36,4739.14,800.83,44,27,6,4626.22,49.4
2026-03,Latin America,Retail Partner,Camping Gear,88,146.24,12868.82,6070.12,1215.36,23,24,3,6798.7,52.83
2026-03,Latin America,Retail Partner,Accessories,117,32.58,3812.00,1728.01,425.67,40,23,2,2083.99,54.67
2026-03,Latin America,Marketplace,Hiking Footwear,39,124.25,4845.78,2562.21,432.09,11,11,1,2283.57,47.12
2026-03,Latin America,Marketplace,Apparel,67,67.45,4518.99,2116.12,446.69,17,15,4,2402.87,53.17
2026-03,Latin America,Marketplace,Camping Gear,49,135.93,6660.51,3333.17,484.9,12,12,2,3327.34,49.96
2026-03,Latin America,Marketplace,Accessories,69,33.52,2313.21,1311.62,160.28,27,13,4,1001.59,43.3
2026-04,North America,Online Store,Hiking Footwear,289,131.62,38037.12,18542.82,5206.93,89,60,10,19494.3,51.25
2026-04,North America,Online Store,Apparel,344,65.54,22545.17,10597.11,2351.39,113,90,21,11948.06,53
2026-04,North America,Online Store,Camping Gear,111,142.78,15848.59,7532.85,1024.01,33,21,7,8315.74,52.47
2026-04,North America,Online Store,Accessories,188,35.40,6655.94,3295.66,708.44,50,40,9,3360.28,50.49
2026-04,North America,Retail Partner,Hiking Footwear,59,131.85,7779.29,4390.95,854.73,19,14,1,3388.34,43.56
2026-04,North America,Retail Partner,Apparel,241,63.64,15336.47,6980.08,1503.64,79,44,16,8356.39,54.49
2026-04,North America,Retail Partner,Camping Gear,191,151.00,28841.31,16240.43,2031.93,70,32,11,12600.88,43.69
2026-04,North America,Retail Partner,Accessories,206,33.43,6886.66,3884.23,933.3,56,45,14,3002.43,43.6
2026-04,North America,Marketplace,Hiking Footwear,191,122.13,23326.75,11635.22,1932.92,53,50,7,11691.53,50.12
2026-04,North America,Marketplace,Apparel,206,65.15,13420.20,6898.01,1424.99,78,61,8,6522.19,48.6
2026-04,North America,Marketplace,Camping Gear,163,152.21,24809.56,14247.79,1886.47,43,45,6,10561.77,42.57
2026-04,North America,Marketplace,Accessories,172,37.43,6437.75,3644.42,418.43,65,37,7,2793.33,43.39
2026-04,Europe,Online Store,Hiking Footwear,203,108.46,22017.13,11272.54,2532.36,72,51,5,10744.59,48.8
2026-04,Europe,Online Store,Apparel,259,62.39,16159.56,8025.37,2009.52,75,47,17,8134.19,50.34
2026-04,Europe,Online Store,Camping Gear,212,143.84,30493.78,13778.95,3629.66,79,55,5,16714.83,54.81
2026-04,Europe,Online Store,Accessories,196,36.77,7207.70,3963.95,812.19,71,54,9,3243.75,45
2026-04,Europe,Retail Partner,Hiking Footwear,143,109.86,15710.49,7902.07,1454.3,37,28,3,7808.42,49.7
2026-04,Europe,Retail Partner,Apparel,157,69.01,10834.11,6210.11,712.73,61,35,5,4624,42.68
2026-04,Europe,Retail Partner,Camping Gear,141,158.84,22395.80,12136.76,1433.74,36,29,4,10259.04,45.81
2026-04,Europe,Retail Partner,Accessories,112,33.13,3710.19,1805.12,461.1,43,23,7,1905.07,51.35
2026-04,Europe,Marketplace,Hiking Footwear,107,113.42,12136.44,6471.90,1678.69,36,21,5,5664.54,46.67
2026-04,Europe,Marketplace,Apparel,76,60.10,4567.45,2583.01,457.87,24,18,3,1984.44,43.45
2026-04,Europe,Marketplace,Camping Gear,119,142.26,16928.70,9189.13,2129.68,44,27,5,7739.57,45.72
2026-04,Europe,Marketplace,Accessories,100,32.50,3250.01,1790.09,265.57,32,19,2,1459.92,44.92
2026-04,Asia Pacific,Online Store,Hiking Footwear,121,125.97,15242.07,7488.22,914.69,39,19,4,7753.85,50.87
2026-04,Asia Pacific,Online Store,Apparel,209,67.69,14147.36,6481.61,1798.8,52,39,11,7665.75,54.19
2026-04,Asia Pacific,Online Store,Camping Gear,114,145.81,16622.00,8064.18,2117.92,33,30,7,8557.82,51.48
2026-04,Asia Pacific,Online Store,Accessories,130,34.54,4489.77,2551.50,404.91,51,21,7,1938.27,43.17
2026-04,Asia Pacific,Retail Partner,Hiking Footwear,41,123.19,5050.59,2734.90,304.8,11,10,2,2315.69,45.85
2026-04,Asia Pacific,Retail Partner,Apparel,162,71.06,11511.50,6319.06,1566.28,57,31,4,5192.44,45.11
2026-04,Asia Pacific,Retail Partner,Camping Gear,134,136.45,18283.71,9083.47,2496.53,43,28,5,9200.24,50.32
2026-04,Asia Pacific,Retail Partner,Accessories,156,32.96,5142.10,2560.42,460.66,40,41,6,2581.68,50.21
2026-04,Asia Pacific,Marketplace,Hiking Footwear,102,113.09,11534.96,6176.46,1127.92,38,18,5,5358.5,46.45
2026-04,Asia Pacific,Marketplace,Apparel,145,66.40,9628.11,4702.26,682.9,50,37,5,4925.85,51.16
2026-04,Asia Pacific,Marketplace,Camping Gear,63,156.40,9852.96,4689.00,1292.88,18,12,1,5163.96,52.41
2026-04,Asia Pacific,Marketplace,Accessories,135,32.28,4357.88,2253.29,354.76,50,20,5,2104.59,48.29
2026-04,Latin America,Online Store,Hiking Footwear,88,119.83,10544.93,5299.44,1080.59,29,13,3,5245.49,49.74
2026-04,Latin America,Online Store,Apparel,98,71.03,6960.50,3601.88,794.91,29,26,5,3358.62,48.25
2026-04,Latin America,Online Store,Camping Gear,103,138.77,14292.95,6463.32,1738.2,38,17,3,7829.63,54.78
2026-04,Latin America,Online Store,Accessories,94,31.62,2972.55,1450.99,362.21,30,19,3,1521.56,51.19
2026-04,Latin America,Retail Partner,Hiking Footwear,82,128.33,10523.02,4767.64,1387.83,30,21,3,5755.38,54.69
2026-04,Latin America,Retail Partner,Apparel,113,63.67,7195.17,3521.17,469.53,32,21,4,3674,51.06
2026-04,Latin America,Retail Partner,Camping Gear,73,136.74,9981.68,5734.60,1351.7,26,21,3,4247.08,42.55
2026-04,Latin America,Retail Partner,Accessories,113,38.24,4321.05,1986.94,385.67,32,20,3,2334.11,54.02
2026-04,Latin America,Marketplace,Hiking Footwear,84,121.88,10237.85,4802.63,1278.6,29,17,4,5435.22,53.09
2026-04,Latin America,Marketplace,Apparel,103,61.88,6373.51,3154.09,850.22,30,22,6,3219.42,50.51
2026-04,Latin America,Marketplace,Camping Gear,56,139.42,7807.47,3521.32,862.52,17,9,3,4286.15,54.9
2026-04,Latin America,Marketplace,Accessories,65,35.21,2288.50,1101.79,228.96,22,10,2,1186.71,51.86
2026-05,North America,Online Store,Hiking Footwear,187,121.12,22649.04,11466.44,1438.49,51,40,5,11182.6,49.37
2026-05,North America,Online Store,Apparel,425,59.15,25138.63,14069.45,3481.58,156,118,13,11069.18,44.03
2026-05,North America,Online Store,Camping Gear,141,148.11,20883.49,11009.00,1375.11,48,41,4,9874.49,47.28
2026-05,North America,Online Store,Accessories,221,37.05,8187.64,4650.80,1109.39,87,50,15,3536.84,43.2
2026-05,North America,Retail Partner,Hiking Footwear,136,119.45,16244.60,8827.04,1296.11,47,33,3,7417.56,45.66
2026-05,North America,Retail Partner,Apparel,293,65.85,19292.91,10617.11,1927.59,73,44,11,8675.8,44.97
2026-05,North America,Retail Partner,Camping Gear,136,144.65,19672.41,11021.38,2327.42,35,29,2,8651.03,43.98
2026-05,North America,Retail Partner,Accessories,191,34.87,6659.45,3570.24,462.7,56,40,12,3089.21,46.39
2026-05,North America,Marketplace,Hiking Footwear,108,117.42,12681.25,6950.02,1692.62,42,25,4,5731.23,45.19
2026-05,North America,Marketplace,Apparel,280,68.74,19246.68,9289.03,2023.32,85,69,8,9957.65,51.74
2026-05,North America,Marketplace,Camping Gear,164,141.63,23226.60,10569.52,1460.52,45,45,5,12657.08,54.49
2026-05,North America,Marketplace,Accessories,98,38.15,3739.01,1965.26,354.94,33,22,5,1773.75,47.44
2026-05,Europe,Online Store,Hiking Footwear,117,129.46,15146.62,8679.61,1990.34,36,31,5,6467.01,42.7
2026-05,Europe,Online Store,Apparel,157,64.97,10199.98,4861.40,1094.36,43,31,9,5338.58,52.34
2026-05,Europe,Online Store,Camping Gear,59,159.33,9400.26,5251.52,813.83,20,15,3,4148.74,44.13
2026-05,Europe,Online Store,Accessories,163,32.56,5307.47,2992.70,547.35,47,34,3,2314.77,43.61
2026-05,Europe,Retail Partner,Hiking Footwear,141,108.00,15228.04,7677.27,1550.23,36,41,4,7550.77,49.58
2026-05,Europe,Retail Partner,Apparel,177,62.45,11054.46,5411.30,867.04,44,45,12,5643.16,51.05
2026-05,Europe,Retail Partner,Camping Gear,190,157.26,29878.81,16740.96,2802.94,56,37,10,13137.85,43.97
2026-05,Europe,Retail Partner,Accessories,89,37.22,3312.35,1568.76,297.04,34,24,6,1743.59,52.64
2026-05,Europe,Marketplace,Hiking Footwear,86,122.18,10507.08,5631.08,696.37,28,22,2,4876,46.41
2026-05,Europe,Marketplace,Apparel,225,68.65,15445.85,8122.83,2103.38,57,42,11,7323.02,47.41
2026-05,Europe,Marketplace,Camping Gear,165,157.77,26032.08,12061.37,2632.06,53,33,10,13970.71,53.67
2026-05,Europe,Marketplace,Accessories,75,37.29,2796.94,1512.13,327.65,23,21,4,1284.81,45.94
2026-05,Asia Pacific,Online Store,Hiking Footwear,149,114.58,17072.08,9473.63,1290.98,44,29,10,7598.45,44.51
2026-05,Asia Pacific,Online Store,Apparel,222,69.63,15458.97,8365.65,1826.7,74,64,9,7093.32,45.88
2026-05,Asia Pacific,Online Store,Camping Gear,112,158.59,17761.65,9688.58,1611.84,28,30,2,8073.07,45.45
2026-05,Asia Pacific,Online Store,Accessories,113,36.43,4116.13,2371.44,391.09,32,28,6,1744.69,42.39
2026-05,Asia Pacific,Retail Partner,Hiking Footwear,119,109.24,12999.57,6702.88,1527.14,45,21,7,6296.69,48.44
2026-05,Asia Pacific,Retail Partner,Apparel,169,65.69,11100.80,5567.63,783.02,64,29,5,5533.17,49.84
2026-05,Asia Pacific,Retail Partner,Camping Gear,156,155.18,24208.25,13400.93,1937.57,53,36,9,10807.32,44.64
2026-05,Asia Pacific,Retail Partner,Accessories,94,37.84,3557.21,1606.37,405.24,24,21,3,1950.84,54.84
2026-05,Asia Pacific,Marketplace,Hiking Footwear,61,122.91,7497.57,3699.50,889.33,18,9,3,3798.07,50.66
2026-05,Asia Pacific,Marketplace,Apparel,85,62.21,5288.26,2677.23,607.28,25,13,3,2611.03,49.37
2026-05,Asia Pacific,Marketplace,Camping Gear,109,155.14,16910.74,8999.84,1283.85,34,28,2,7910.9,46.78
2026-05,Asia Pacific,Marketplace,Accessories,95,33.44,3177.27,1543.90,300.45,37,15,4,1633.37,51.41
2026-05,Latin America,Online Store,Hiking Footwear,79,125.71,9931.03,5378.57,931.71,23,16,2,4552.46,45.84
2026-05,Latin America,Online Store,Apparel,100,61.17,6116.93,3136.73,498.42,29,24,6,2980.2,48.72
2026-05,Latin America,Online Store,Camping Gear,85,137.27,11667.74,6693.61,977.56,22,20,4,4974.13,42.63
2026-05,Latin America,Online Store,Accessories,88,36.04,3171.48,1537.41,194.12,34,16,4,1634.07,51.52
2026-05,Latin America,Retail Partner,Hiking Footwear,85,115.51,9818.33,4764.27,1058.55,32,24,2,5054.06,51.48
2026-05,Latin America,Retail Partner,Apparel,156,60.51,9439.99,5407.37,1122.63,59,28,7,4032.62,42.72
2026-05,Latin America,Retail Partner,Camping Gear,112,147.24,16491.39,7454.13,1758.54,32,24,7,9037.26,54.8
2026-05,Latin America,Retail Partner,Accessories,92,34.29,3154.98,1764.18,236.89,32,27,2,1390.8,44.08
2026-05,Latin America,Marketplace,Hiking Footwear,56,110.22,6172.49,3378.14,821.95,17,10,2,2794.35,45.27
2026-05,Latin America,Marketplace,Apparel,84,67.90,5704.01,2573.52,611.22,28,20,2,3130.49,54.88
2026-05,Latin America,Marketplace,Camping Gear,60,140.98,8458.69,4771.30,1007.41,15,11,1,3687.39,43.59
2026-05,Latin America,Marketplace,Accessories,60,33.40,2003.74,966.17,130.25,19,15,3,1037.57,51.78
2026-06,North America,Online Store,Hiking Footwear,159,130.84,20802.89,11628.90,2588.03,59,46,7,9173.99,44.1
2026-06,North America,Online Store,Apparel,311,61.10,19003.24,10075.17,2269.57,112,70,7,8928.07,46.98
2026-06,North America,Online Store,Camping Gear,328,152.53,50030.98,26015.27,4077.94,100,93,17,24015.71,48
2026-06,North America,Online Store,Accessories,178,37.01,6588.08,3353.76,727.45,51,45,7,3234.32,49.09
2026-06,North America,Retail Partner,Hiking Footwear,241,130.47,31443.45,14411.19,3961.23,70,52,5,17032.26,54.17
2026-06,North America,Retail Partner,Apparel,194,62.41,12108.24,6239.89,780.91,62,56,4,5868.35,48.47
2026-06,North America,Retail Partner,Camping Gear,201,154.66,31085.70,15040.22,2261.78,55,32,5,16045.48,51.62
2026-06,North America,Retail Partner,Accessories,218,36.15,7880.60,4449.54,986.1,76,36,7,3431.06,43.54
2026-06,North America,Marketplace,Hiking Footwear,89,120.36,10712.05,5566.22,948.56,26,24,5,5145.83,48.04
2026-06,North America,Marketplace,Apparel,152,62.50,9500.20,5403.64,1294.17,45,30,6,4096.56,43.12
2026-06,North America,Marketplace,Camping Gear,174,151.60,26378.60,13595.72,1991.82,65,43,10,12782.88,48.46
2026-06,North America,Marketplace,Accessories,97,37.51,3638.60,1991.36,346.16,33,16,5,1647.24,45.27
2026-06,Europe,Online Store,Hiking Footwear,170,113.51,19296.76,8978.43,1412.96,42,43,9,10318.33,53.47
2026-06,Europe,Online Store,Apparel,173,65.19,11278.59,5311.96,752.11,43,30,11,5966.63,52.9
2026-06,Europe,Online Store,Camping Gear,177,138.16,24454.38,11711.37,2483.05,60,33,4,12743.01,52.11
2026-06,Europe,Online Store,Accessories,98,34.24,3355.25,1612.02,260.25,38,23,4,1743.23,51.96
2026-06,Europe,Retail Partner,Hiking Footwear,71,120.98,8589.70,4643.04,997.88,19,15,2,3946.66,45.95
2026-06,Europe,Retail Partner,Apparel,95,69.82,6632.60,3529.10,680.51,25,22,2,3103.5,46.79
2026-06,Europe,Retail Partner,Camping Gear,138,155.76,21495.18,10249.18,1963.56,53,24,6,11246,52.32
2026-06,Europe,Retail Partner,Accessories,110,34.43,3787.84,1713.45,467.5,28,24,5,2074.39,54.76
2026-06,Europe,Marketplace,Hiking Footwear,137,114.08,15628.76,7053.22,1842.25,45,37,8,8575.54,54.87
2026-06,Europe,Marketplace,Apparel,194,69.46,13475.87,6913.96,1168.23,71,42,5,6561.91,48.69
2026-06,Europe,Marketplace,Camping Gear,114,146.63,16716.37,9268.56,2208.93,31,18,7,7447.81,44.55
2026-06,Europe,Marketplace,Accessories,97,34.23,3319.91,1727.78,456.31,25,23,2,1592.13,47.96
2026-06,Asia Pacific,Online Store,Hiking Footwear,160,118.40,18944.53,10980.89,1983.96,47,29,6,7963.64,42.04
2026-06,Asia Pacific,Online Store,Apparel,163,63.34,10324.90,4738.44,924.76,52,42,8,5586.46,54.11
2026-06,Asia Pacific,Online Store,Camping Gear,209,149.52,31249.61,14083.91,3886.19,76,48,4,17165.7,54.93
2026-06,Asia Pacific,Online Store,Accessories,84,36.87,3096.71,1628.51,379.52,30,22,3,1468.2,47.41
2026-06,Asia Pacific,Retail Partner,Hiking Footwear,112,122.89,13763.83,7521.84,1012.89,31,31,6,6241.99,45.35
2026-06,Asia Pacific,Retail Partner,Apparel,120,70.31,8436.84,4628.73,909.26,41,34,5,3808.11,45.14
2026-06,Asia Pacific,Retail Partner,Camping Gear,108,149.22,16115.50,8752.84,1316.24,30,21,3,7362.66,45.69
2026-06,Asia Pacific,Retail Partner,Accessories,111,33.00,3663.49,1850.91,485.88,36,19,2,1812.58,49.48
2026-06,Asia Pacific,Marketplace,Hiking Footwear,61,127.72,7791.16,4174.01,963.76,17,15,2,3617.15,46.43
2026-06,Asia Pacific,Marketplace,Apparel,176,70.71,12444.59,6629.59,1069.75,51,31,9,5815,46.73
2026-06,Asia Pacific,Marketplace,Camping Gear,133,142.94,19010.89,10190.90,2380.07,48,35,3,8819.99,46.39
2026-06,Asia Pacific,Marketplace,Accessories,51,32.12,1638.05,885.96,146.55,16,7,1,752.09,45.91
2026-06,Latin America,Online Store,Hiking Footwear,88,108.94,9586.32,5144.88,822.91,33,24,3,4441.44,46.33
2026-06,Latin America,Online Store,Apparel,73,70.21,5125.51,2970.24,645.98,27,13,3,2155.27,42.05
2026-06,Latin America,Online Store,Camping Gear,143,160.74,22985.92,13324.75,1823.24,36,30,3,9661.17,42.03
2026-06,Latin America,Online Store,Accessories,94,31.66,2975.76,1478.52,365.12,31,18,4,1497.24,50.31
2026-06,Latin America,Retail Partner,Hiking Footwear,78,126.30,9851.03,4482.83,1250.78,26,18,3,5368.2,54.49
2026-06,Latin America,Retail Partner,Apparel,141,69.74,9833.01,5175.13,1046.98,56,37,5,4657.88,47.37
2026-06,Latin America,Retail Partner,Camping Gear,77,141.87,10923.70,5763.24,1466.56,29,15,3,5160.46,47.24
2026-06,Latin America,Retail Partner,Accessories,95,32.98,3133.24,1815.50,433.92,33,25,5,1317.74,42.06
2026-06,Latin America,Marketplace,Hiking Footwear,45,118.91,5351.15,2877.43,611.11,13,13,1,2473.72,46.23
2026-06,Latin America,Marketplace,Apparel,86,65.00,5590.40,3017.78,647.21,29,16,2,2572.62,46.02
2026-06,Latin America,Marketplace,Camping Gear,105,140.38,14739.97,7984.17,1421.14,36,28,2,6755.8,45.83
2026-06,Latin America,Marketplace,Accessories,78,31.63,2467.45,1360.26,268.4,27,21,4,1107.19,44.87
2026-07,North America,Online Store,Hiking Footwear,199,119.72,23825.06,11966.03,1722.44,66,38,13,11859.03,49.78
2026-07,North America,Online Store,Apparel,303,66.08,20022.69,10553.34,1769.89,78,46,12,9469.35,47.29
2026-07,North America,Online Store,Camping Gear,319,161.43,51495.91,29083.80,5804.81,89,89,20,22412.11,43.52
2026-07,North America,Online Store,Accessories,157,32.88,5161.62,2817.55,428.01,58,47,3,2344.07,45.41
2026-07,North America,Retail Partner,Hiking Footwear,175,131.36,22988.21,11734.36,2937.69,45,35,4,11253.85,48.95
2026-07,North America,Retail Partner,Apparel,267,71.18,19004.92,10570.66,2436.5,104,43,10,8434.26,44.38
2026-07,North America,Retail Partner,Camping Gear,240,143.06,34333.65,15900.85,2520.07,65,71,13,18432.8,53.69
2026-07,North America,Retail Partner,Accessories,96,38.27,3674.34,1863.50,302.29,35,19,3,1810.84,49.28
2026-07,North America,Marketplace,Hiking Footwear,114,114.16,13013.68,6457.28,1482.51,29,20,6,6556.4,50.38
2026-07,North America,Marketplace,Apparel,159,60.41,9605.19,4750.19,1240.73,43,25,7,4855,50.55
2026-07,North America,Marketplace,Camping Gear,233,159.11,37073.60,17344.12,3946.7,75,39,11,19729.48,53.22
2026-07,North America,Marketplace,Accessories,68,33.42,2272.25,1166.62,151.29,21,13,4,1105.63,48.66
2026-07,Europe,Online Store,Hiking Footwear,150,119.00,17850.35,9715.07,1891.12,52,39,9,8135.28,45.57
2026-07,Europe,Online Store,Apparel,172,62.58,10763.83,5596.58,1369.25,68,48,6,5167.25,48.01
2026-07,Europe,Online Store,Camping Gear,235,157.25,36953.57,18995.39,3645.63,88,47,14,17958.18,48.6
2026-07,Europe,Online Store,Accessories,97,34.35,3331.72,1641.44,320.91,35,16,2,1690.28,50.73
2026-07,Europe,Retail Partner,Hiking Footwear,194,119.75,23231.69,12401.47,1821.04,64,39,10,10830.22,46.62
2026-07,Europe,Retail Partner,Apparel,247,60.34,14902.97,7812.35,1115.06,72,45,7,7090.62,47.58
2026-07,Europe,Retail Partner,Camping Gear,169,162.81,27515.52,15851.43,2908.41,45,34,10,11664.09,42.39
2026-07,Europe,Retail Partner,Accessories,158,34.07,5383.33,2483.40,562.79,59,42,4,2899.93,53.87
2026-07,Europe,Marketplace,Hiking Footwear,73,113.24,8266.30,4659.13,661.09,21,10,4,3607.17,43.64
2026-07,Europe,Marketplace,Apparel,163,68.80,11215.01,5961.37,1346.04,44,35,6,5253.64,46.84
2026-07,Europe,Marketplace,Camping Gear,157,162.62,25531.68,11622.22,2127.22,44,29,10,13909.46,54.48
2026-07,Europe,Marketplace,Accessories,78,34.78,2712.57,1385.09,327.8,21,17,3,1327.48,48.94
2026-07,Asia Pacific,Online Store,Hiking Footwear,109,127.86,13936.88,6580.88,870.18,30,21,4,7356,52.78
2026-07,Asia Pacific,Online Store,Apparel,232,66.50,15427.23,8768.51,1554.88,75,36,5,6658.72,43.16
2026-07,Asia Pacific,Online Store,Camping Gear,86,160.18,13775.09,6486.53,854.02,27,15,1,7288.56,52.91
2026-07,Asia Pacific,Online Store,Accessories,185,36.57,6765.85,3142.79,735.21,54,32,7,3623.06,53.55
2026-07,Asia Pacific,Retail Partner,Hiking Footwear,93,126.02,11719.72,5465.06,1427.72,26,23,4,6254.66,53.37
2026-07,Asia Pacific,Retail Partner,Apparel,188,70.58,13268.83,6639.08,866.36,47,51,8,6629.75,49.96
2026-07,Asia Pacific,Retail Partner,Camping Gear,131,145.35,19041.18,8643.05,2607.11,45,37,4,10398.13,54.61
2026-07,Asia Pacific,Retail Partner,Accessories,126,35.78,4508.31,2426.39,385.03,47,36,8,2081.92,46.18
2026-07,Asia Pacific,Marketplace,Hiking Footwear,64,114.76,7344.56,4224.86,446.72,22,16,3,3119.7,42.48
2026-07,Asia Pacific,Marketplace,Apparel,141,71.37,10063.37,4936.53,877.5,36,30,4,5126.84,50.95
2026-07,Asia Pacific,Marketplace,Camping Gear,164,163.06,26742.58,12679.87,2401.5,63,26,4,14062.71,52.59
2026-07,Asia Pacific,Marketplace,Accessories,74,32.64,2415.33,1273.79,174,29,16,3,1141.54,47.26
2026-07,Latin America,Online Store,Hiking Footwear,80,123.89,9910.87,5427.72,1192.37,26,22,4,4483.15,45.23
2026-07,Latin America,Online Store,Apparel,63,68.34,4305.52,1968.61,260.7,17,15,2,2336.91,54.28
2026-07,Latin America,Online Store,Camping Gear,162,161.87,26222.44,14899.40,2231.8,57,30,4,11323.04,43.18
2026-07,Latin America,Online Store,Accessories,79,32.79,2590.60,1280.98,244.54,29,13,4,1309.62,50.55
2026-07,Latin America,Retail Partner,Hiking Footwear,36,119.83,4313.80,2109.42,464.54,11,6,0,2204.38,51.1
2026-07,Latin America,Retail Partner,Apparel,101,65.61,6626.31,3759.20,579.91,36,25,6,2867.11,43.27
2026-07,Latin America,Retail Partner,Camping Gear,115,154.71,17791.76,10084.20,1636.16,34,17,7,7707.56,43.32
2026-07,Latin America,Retail Partner,Accessories,94,37.11,3488.05,1616.99,370.25,30,15,6,1871.06,53.64
2026-07,Latin America,Marketplace,Hiking Footwear,79,108.78,8593.51,4602.97,881.55,20,13,3,3990.54,46.44
2026-07,Latin America,Marketplace,Apparel,87,62.35,5424.68,3102.81,680.79,34,16,5,2321.87,42.8
2026-07,Latin America,Marketplace,Camping Gear,42,136.51,5733.44,2619.38,661.41,13,7,2,3114.06,54.31
2026-07,Latin America,Marketplace,Accessories,43,33.27,1430.61,751.20,126.95,16,11,1,679.41,47.49
2026-08,North America,Online Store,Hiking Footwear,144,127.34,18336.55,9033.75,1406.87,37,31,6,9302.8,50.73
2026-08,North America,Online Store,Apparel,145,69.43,10067.61,4819.98,910.91,53,39,5,5247.63,52.12
2026-08,North America,Online Store,Camping Gear,157,162.98,25587.33,11908.95,3446.61,55,36,3,13678.38,53.46
2026-08,North America,Online Store,Accessories,197,34.83,6861.35,3451.31,500.18,68,58,9,3410.04,49.7
2026-08,North America,Retail Partner,Hiking Footwear,166,118.02,19591.99,9112.76,2135.99,64,41,3,10479.23,53.49
2026-08,North America,Retail Partner,Apparel,201,63.11,12685.24,6616.45,1170.3,75,54,10,6068.79,47.84
2026-08,North America,Retail Partner,Camping Gear,166,138.18,22937.25,11380.01,2134.4,58,41,3,11557.24,50.39
2026-08,North America,Retail Partner,Accessories,148,34.27,5071.49,2402.02,367.91,55,23,6,2669.47,52.64
2026-08,North America,Marketplace,Hiking Footwear,87,120.06,10445.07,5693.54,1427.31,24,24,5,4751.53,45.49
2026-08,North America,Marketplace,Apparel,167,70.41,11759.05,6262.92,1298.03,51,43,7,5496.13,46.74
2026-08,North America,Marketplace,Camping Gear,168,156.94,26366.74,14691.05,1890.89,62,38,10,11675.69,44.28
2026-08,North America,Marketplace,Accessories,218,34.52,7525.17,3757.13,1002.39,62,60,9,3768.04,50.07
2026-08,Europe,Online Store,Hiking Footwear,83,121.75,10105.50,4974.71,638.08,24,12,5,5130.79,50.77
2026-08,Europe,Online Store,Apparel,188,71.05,13358.29,6697.45,1579.88,56,47,11,6660.84,49.86
2026-08,Europe,Online Store,Camping Gear,238,158.50,37722.75,18279.34,5252.01,60,57,12,19443.41,51.54
2026-08,Europe,Online Store,Accessories,200,36.32,7263.26,3382.14,981.14,55,48,6,3881.12,53.43
2026-08,Europe,Retail Partner,Hiking Footwear,161,118.01,19000.04,8945.78,1399.83,50,42,10,10054.26,52.92
2026-08,Europe,Retail Partner,Apparel,75,59.59,4469.52,2239.69,304.02,18,18,3,2229.83,49.89
2026-08,Europe,Retail Partner,Camping Gear,179,135.71,24292.31,13568.30,3351.74,48,33,11,10724.01,44.15
2026-08,Europe,Retail Partner,Accessories,120,37.99,4558.23,2299.86,291.95,30,28,4,2258.37,49.54
2026-08,Europe,Marketplace,Hiking Footwear,117,108.27,12667.74,6997.13,1070.61,29,27,4,5670.61,44.76
2026-08,Europe,Marketplace,Apparel,107,71.16,7614.06,3964.99,624.5,38,20,6,3649.07,47.93
2026-08,Europe,Marketplace,Camping Gear,202,136.52,27576.47,13937.03,3490.88,74,37,6,13639.44,49.46
2026-08,Europe,Marketplace,Accessories,49,37.22,1823.84,1041.32,123.34,15,9,3,782.52,42.91
2026-08,Asia Pacific,Online Store,Hiking Footwear,31,116.03,3596.79,1803.05,368.29,8,7,1,1793.74,49.87
2026-08,Asia Pacific,Online Store,Apparel,133,68.38,9094.82,4274.63,654.28,38,27,5,4820.19,53
2026-08,Asia Pacific,Online Store,Camping Gear,181,136.04,24623.27,12334.99,2850.71,50,44,5,12288.28,49.91
2026-08,Asia Pacific,Online Store,Accessories,147,37.70,5542.28,3139.37,464.35,41,31,4,2402.91,43.36
2026-08,Asia Pacific,Retail Partner,Hiking Footwear,148,124.15,18374.82,10237.82,1686.06,40,38,5,8137,44.28
2026-08,Asia Pacific,Retail Partner,Apparel,140,67.23,9411.71,4566.41,625.86,55,24,9,4845.3,51.48
2026-08,Asia Pacific,Retail Partner,Camping Gear,208,160.98,33484.47,16327.94,3261.87,71,44,8,17156.53,51.24
2026-08,Asia Pacific,Retail Partner,Accessories,175,33.81,5917.10,3096.72,757.66,49,50,9,2820.38,47.66
2026-08,Asia Pacific,Marketplace,Hiking Footwear,100,126.71,12670.84,5728.56,1589.82,25,28,6,6942.28,54.79
2026-08,Asia Pacific,Marketplace,Apparel,132,62.32,8226.62,3926.91,997.31,38,36,3,4299.71,52.27
2026-08,Asia Pacific,Marketplace,Camping Gear,167,144.73,24169.89,13002.02,2599.21,56,42,8,11167.87,46.21
2026-08,Asia Pacific,Marketplace,Accessories,105,34.50,3622.86,1760.24,440.13,29,26,3,1862.62,51.41
2026-08,Latin America,Online Store,Hiking Footwear,129,113.25,14609.14,6687.96,1029.62,43,35,2,7921.18,54.22
2026-08,Latin America,Online Store,Apparel,117,68.04,7961.14,3935.76,782.44,45,23,5,4025.38,50.56
2026-08,Latin America,Online Store,Camping Gear,96,151.44,14538.66,6872.48,1216.52,33,28,2,7666.18,52.73
2026-08,Latin America,Online Store,Accessories,142,37.73,5358.04,2812.94,563.2,46,22,3,2545.1,47.5
2026-08,Latin America,Retail Partner,Hiking Footwear,43,130.01,5590.62,2811.28,399.52,15,8,1,2779.34,49.71
2026-08,Latin America,Retail Partner,Apparel,105,67.57,7095.04,4023.13,875.35,36,26,7,3071.91,43.3
2026-08,Latin America,Retail Partner,Camping Gear,85,154.86,13162.68,7007.58,1414.68,21,22,3,6155.1,46.76
2026-08,Latin America,Retail Partner,Accessories,63,36.16,2277.79,1189.82,199.12,17,10,3,1087.97,47.76
2026-08,Latin America,Marketplace,Hiking Footwear,66,110.48,7291.84,3662.43,862.74,24,11,1,3629.41,49.77
2026-08,Latin America,Marketplace,Apparel,77,67.76,5217.35,2589.67,419.26,19,17,4,2627.68,50.36
2026-08,Latin America,Marketplace,Camping Gear,91,150.43,13689.48,6311.64,1422.47,27,21,3,7377.84,53.89
2026-08,Latin America,Marketplace,Accessories,72,33.18,2389.11,1104.59,203.54,19,12,4,1284.52,53.77
